prot_id,gene,product_name,chromosome,low_bound,upp_bound
NP_001233775.1,LOC544002,2-oxoglutarate-dependent dioxygenase 2,7,57180125,57181376
XP_019069688.1,LOC544261,phospholipid hydroperoxide glutathione peroxidase isoform X1,6,45274411,45278016
NP_001233812.2,TomloxC,lipoxygenase,1,1113939,1123703
NP_001310512.1,LeCCD1B,carotenoid cleavage dioxygenase 1B isoform 2,1,82197365,82209878
NP_001233858.1,XTH1,probable xyloglucan endotransglucosylase/hydrolase 1 precursor,1,89810418,89812721
NP_001233884.2,LAPA2,leucine aminopeptidase 2%2C chloroplastic,12,3180908,3187436
NP_001233888.1,FRK2,fructokinase-2,6,45093617,45095917
NP_001233925.2,ARF1,alpha-L-arabinofuranosidase precursor,10,62259537,62267261
NP_001233951.2,ME2,cytosolic NADP-malic enzyme,5,60104673,60108610
NP_001233970.2,cevi16,peroxidase,1,93354387,93355786
NP_001233971.2,AGAL,alpha-galactosidase precursor,3,61371626,61377031
NP_001233982.1,P69B,subtilisin-like protease precursor,8,63300441,63302678
NP_001233997.1,RPL3,ribosomal protein L3,1,93041733,93044305
NP_001234001.2,mMDH1,mitochondrial malate dehydrogenase,7,65338497,65341247
NP_001234005.1,gMDH,glyoxisomal malate dehydrogenase,1,94361437,94363904
NP_001298013.1,SODCC.1,superoxide dismutase [Cu-Zn] 2,1,76684623,76688052
XP_004240579.1,LOC101244084,elongation factor 1-alpha,6,4380441,4381868
NP_001234035.1,LeEF-1,elongation factor 1-alpha,6,36374,37800
NP_001234056.1,mdh,malate dehydrogenase,11,2198505,2203902
NP_001234059.1,SEND33,ferredoxin-1%2C chloroplastic,10,26661719,26662153
NP_001234094.1,LOC543817,uncharacterized protein LOC543817,7,64305660,64306479
NP_001234132.2,CEVI-1,peroxidase precursor,1,889094,891677
NP_001234157.2,LOC543836,glutathione S-transferase-like protein,7,64278838,64280293
NP_001234158.2,Q`b,glucan endo-1%2C3-beta-D-glucosidase precursor,10,61330016,61331173
NP_001234174.2,NDK,nucleoside diphosphate kinase,1,83688196,83689327
NP_001234186.2,CAT2,catalase isozyme 2,2,46402914,46406868
NP_001234231.1,rem-1,remorin 1,3,3247677,3249709
NP_001234243.2,GR,glutathione reductase%2C chloroplastic,9,64195249,64200299
NP_001234257.2,P69A,subtilisin-like endoprotease precursor,8,63283457,63285700
NP_001234272.1,tft9,14-3-3 protein 9,7,61735588,61739600
NP_001234281.2,LOC543861,vacuolar H+-ATPase A1 subunit isoform,12,61774283,61781958
NP_001234287.2,LOC543862,vacuolar H+-ATPase A2 subunit isoform,6,40019140,40026666
NP_001234282.2,SBT1;inference=similar to AA sequence (same species):RefSeq:NP_001234282.2,subtilisin-like serine protease 1 precursor,4,62946877,62949177
NP_001303967.1,LOC543863,succinate--CoA ligase [ADP-forming] subunit beta%2C mitochondrial,6,49108850,49113949
NP_001234298.2,TBG2,beta-galactosidase,9,71306218,71320784
XP_010313192.1,TBG5,TBG5 protein isoform X1,11,53900203,53906734
NP_001234333.2,PAD1,proteasome subunit alpha type-7,1,97686070,97688600
NP_001234342.1,XET2,xyloglucan endotransglycosylase LeXET2 precursor,7,4435491,4437376
NP_001234369.2,XET4,xyloglucan endotransglycosylase precursor,11,51118385,51120733
NP_001234400.1,CHI17,acidic 27 kDa endochitinase precursor,2,46554390,46555492
NP_001234402.2,DDTFR10,ripening regulated protein DDTFR10,7,6357485,6359040
NP_001234423.1,Cpn21,chaperonin 21 precursor,7,55361398,55363350
NP_001234439.1,HSC80,heat shock cognate protein 80,7,67435474,67438678
NP_001234458.2,ME1,NADP-dependent malic enzyme%2C chloroplastic,12,38239263,38246667
NP_001234477.1,LHA2,plasma membrane ATPase 2,6,43669810,43676621
NP_001234775.1,LHA1,plasma membrane ATPase 1,3,63555824,63562279
NP_001234493.1,spdsyn,spermidine synthase,5,526898,530205
NP_001234566.2,TCTP,translationally-controlled tumor protein homolog,1,89914797,89916427
NP_001234585.1,SBPase,chloroplast sedoheptulose-1%2C7-bisphosphatase,5,62807934,62810885
NP_001234589.1,GME2,GDP-mannose 3'%2C5'-epimerase,9,68686614,68689544
NP_001234629.1,PHS1;inference=similar to AA sequence (same species):RefSeq:NP_001234629.1;partial=true,beta-phellandrene synthase (neryl-diphosphate-cyclizing)%2C chloroplastic,8,519504,547527
NP_001234633.1,NDPS1,dimethylallylcistransferase%2C chloroplastic,8,530848,557370
XP_019070653.1,LOC101247737,dimethylallylcistransferase%2C chloroplastic-like,8,515980,519246
NP_001332792.1,GcpE,4-hydroxy-3-methylbut-2-en-1-yl diphosphate synthase,11,53979824,53985919
NP_001234656.2,LOC544217,mRNA binding protein precursor,9,63108497,63110858
NP_001234677.2,TFT3,14-3-3 protein 3,4,60500971,60502578
NP_001234691.2,LOC544223,wound-inducible carboxypeptidase precursor,6,48593657,48597155
NP_001234696.2,LOC543968,glucose-1-phosphate adenylyltransferase small subunit%2C chloroplastic,7,63989474,63993741
XP_010323635.1,GME1,GDP-mannose 3'%2C5'-epimerase isoform X1,1,88239506,88241468
NP_001234769.2,SODCP.2,superoxide dismutase [Cu-Zn]%2C chloroplastic,11,52162632,52167951
NP_001234798.2,LOC543986,glucan endo-1%2C3-beta-glucosidase A precursor,1,2700782,2702304
NP_001234822.2,DHAR1,dehydroascorbate reductase 1,5,64607652,64611546
NP_001234851.1,LOC100500729,alpha-mannosidase precursor,6,42683669,42693424
NP_001234853.1,IPI,isopentenyl diphosphate isomerase,5,65269756,65272632
XP_019066809.1,LOC101055519,hop-interacting protein THI032 isoform X1,12,66883401,66886255
NP_001266103.2,LOC101055557,putative steroid 5beta-reductase,10,46278921,46280179
NP_001266109.1,SlArf/Xyl3,SlArf/Xyl3 protein precursor,4,59816922,59821055
NP_001266114.1,SlArf/Xyl4,SlArf/Xyl4 protein precursor,4,59808328,59814438
NP_001274287.1,AAT2,BAHD acyltransferase DCR-like,3,2761150,2763949
XP_010323620.1,LOC544106,peroxisomal (S)-2-hydroxy-acid oxidase GLO1 isoform X1,7,64331787,64335063
NP_001294934.1,SlFBA3,fructose-bisphosphate aldolase 1%2C chloroplastic,2,47533474,47535600
NP_001295376.1,ACT,actin-7,3,50834938,50836371
NP_001295873.1,LOC543974,ribulose bisphosphate carboxylase small chain 2A%2C chloroplastic,3,5922332,5924406
XP_019067516.1,Rbcs-3B,ribulose bisphosphate carboxylase small chain 3B%2C chloroplastic isoform X1,2,48715473,48716189
NP_001296245.1,TMP1,suberization-associated anionic peroxidase 1 precursor,2,44040313,44042551
NP_001296292.1,EO,2-methylene-furan-3-one reductase,5,352330,355316
NP_001296294.1,PSBO,oxygen-evolving enhancer protein 1%2C chloroplastic,2,36574201,36576185
NP_001296718.1,LOC543515,beta-D-xylosidase 2 precursor,1,93270736,93274477
NP_001296953.1,LOC101243905,peroxiredoxin Q%2C chloroplastic,7,55581445,55583625
NP_001296956.1,SlFBA6,fructose-bisphosphate aldolase%2C cytoplasmic isozyme 1,7,67492598,67495069
NP_001299833.1,ca2,carbonic anhydrase isoform 2,2,49434713,49437930
NP_001304334.1,THIC,thiamine biosynthesis protein ThiC,6,1109115,1112189
NP_001306969.1,PAL5,phenylalanine ammonia-lyase,9,1429250,1431517
XP_004246649.1,LOC101243631,phenylalanine ammonia-lyase-like,9,1419181,1422110
NP_001307538.1,PAL3,phenylalanine ammonia-lyase 3,9,1435607,1438468
XP_004246652.1,LOC109118696,phenylalanine ammonia-lyase-like,9,1413536,1415858
NP_001306974.1,SlVRSLip,virus resistant/susceptible lipocalin,10,58137017,58140119
XP_010312196.1,ER69,5-methyltetrahydropteroyltriglutamate--homocysteine methyltransferase isoform X1,10,62566330,62569605
NP_001307017.1,LOC101253371,alpha-1%2C4-glucan-protein synthase [UDP-forming] 2,4,249150,251360
NP_001307023.1,LOC101261588,proline-rich protein precursor,12,2922764,2923552
XP_019070989.1,ELIP,early light inducible protein isoform X1,9,68409810,68414064
XP_010326693.1,LOC104649378;partial=true,early light-induced protein 1%2C chloroplastic-like,9,68412835,68413203
NP_001307244.1,Rcr3,cysteine protease precursor,2,42066343,42067454
NP_001307298.1,CD1,GDSL esterase/lipase precursor,11,1004368,1006899
NP_001307640.1,CHI1,chalcone--flavonone isomerase,5,4465276,4467630
NP_001307725.1,LOC101255136,1%2C2-dihydroxy-3-keto-5-methylthiopentene dioxygenase 1 isoform 1,9,68348659,68350675
NP_001308271.1,LOC101244415,cysteine synthase,9,67901112,67905224
NP_001308301.1,SlFBA7,fructose-1%2C6-bisphosphate aldolase,9,2643831,2645706
NP_001308345.1,OEE1,oxygen-evolving enhancer protein 1%2C chloroplastic,2,51698920,51700064
NP_001311421.1,SlCaM5,calmodulin 5,12,66908393,66911496
NP_001308423.1,SlCaM3,calmodulin 3,10,59935972,59937940
XP_004251248.1,LOC101243958,calmodulin,11,55453177,55457232
XP_019070567.1,LOC101254320,elongation factor 2 isoform X3,8,52322233,52340766
NP_001311392.1,LOC101245713,pectinesterase family protein,11,605006,607249
NP_001315609.1,LOC544144,pre-pro-cysteine proteinase precursor,4,65016689,65018790
NP_001316135.1,LOC101244399,aspartate protease family protein precursor,8,57941995,57944435
NP_001316163.1,NAOD,N2-acetylornithine deacetylase,8,60911961,60914729
NP_001316365.1,dhn,dehydrin,4,65957837,65958673
XP_010316913.1,LOC101263969,chlorophyll a-b binding protein 1C%2C chloroplastic,2,40503186,40503983
XP_010316910.1,LOC101264286,chlorophyll a-b binding protein 1C%2C chloroplastic-like,2,40522221,40523018
XP_004233101.1,LOC101266182,chlorophyll a-b binding protein 1B%2C chloroplastic-like,2,40517380,40518177
XP_004233099.1,LOC101265605,chlorophyll a-b binding protein 1C%2C chloroplastic,2,40505514,40506311
NP_001333218.1,LOC101265886,chlorophyll a-b binding protein 1C%2C chloroplastic,2,40512599,40513396
NP_001316869.1,Cab-1A,chlorophyll a/b-binding protein Cab-1A,2,40515041,40515838
NP_001316856.1,Cab-1B,chlorophyll a/b-binding protein Cab-1B,2,40525967,40526764
NP_001333706.1,Cab-1D,chlorophyll a-b binding protein 1D,2,40519780,40520577
XP_010317413.1,LOC101267774,chlorophyll a-b binding protein 3A%2C chloroplastic-like,3,538196,538999
NP_001316911.1,LOC101245729,chlorophyll a/b-binding protein,3,540995,541798
NP_001317080.1,p69d,subtilisin-like protease precursor,8,63288659,63290902
NP_001317084.1,LOC108511949,subtilisin-like protease precursor,8,63294267,63296504
NP_001317708.1,p69c,serine protease precursor,8,63314759,63317023
NP_001318057.1,LOC101259357,polyphenol oxidase E%2C chloroplastic,8,58745248,58747011
NP_001318092.1,ARD,acireductone dioxygenase,9,68367293,68371677
NP_001318117.1,AFRR,monodehydroascorbate reductase,9,2835367,2840163
NP_001332862.1,CD4B,ATP-dependent Clp protease ATP-binding subunit ClpA homolog CD4B%2C chloroplastic,12,40789176,40793603
NP_001333800.1,LOC101258840,40S ribosomal protein S6,12,65280706,65283155
NP_001333814.1,LOC101264109,ribulose-phosphate 3-epimerase%2C chloroplastic,3,65410335,65416126
NP_001333832.1,LOC778302,multicopper oxidase-like protein precursor,4,65918009,65922472
NP_001333834.1,nii1,nitrite reductase,1,95879926,95882381
NP_001333905.1,SlFBA2,fructose-bisphosphate aldolase,2,33952488,33954439
XP_004228428.1,LOC101263049,photosynthetic NDH subunit of lumenal location 5%2C chloroplastic,1,4594295,4597769
XP_004228525.1,LOC101267921,biotin carboxylase 1%2C chloroplastic,1,2451907,2461538
XP_010315214.1,LOC101268498,phenylalanine--tRNA ligase beta subunit%2C cytoplasmic,1,2409639,2422597
YP_008563101.1,petA,cytochrome f,NC_007898.3,63894,64856
XP_004228573.1,LOC101257886,cytochrome f,1,1859332,1860294
XP_004228599.1,LOC101265667,coatomer subunit beta-1-like,1,1712609,1718473
XP_004228671.1,LOC101261260,lignin-forming anionic peroxidase,1,884839,887404
XP_004228946.1,LOC101253117,ruBisCO large subunit-binding protein subunit beta%2C chloroplastic,1,41410273,41414324
XP_010318987.1,LOC101263147,ATP-citrate synthase beta chain protein 2-like,1,68870550,68875437
XP_004229161.1,LOC101254831,tubulin-folding cofactor A,1,77623572,77629362
XP_004229180.1,LOC101260262,uncharacterized protein LOC101260262,1,77237609,77240700
XP_004229258.2,LOC101259283;inference=similar to RNA sequence%2C mRNA (same species):INSD:AK319706.1;partial=true,bifunctional epoxide hydrolase 2,1,74482053,74482736
XP_004229392.1,LOC101267841,probable glutamyl endopeptidase%2C chloroplastic,1,78503169,78512984
XP_004229393.1,LOC101268314,calvin cycle protein CP12-1%2C chloroplastic,1,78516548,78516922
XP_004229495.1,LOC101247856,uncharacterized protein LOC101247856 isoform X1,1,79946711,79955336
XP_004229552.1,LOC101265960,uncharacterized protein LOC101265960,1,80814501,80816443
XP_004230031.1,LOC101266976,aspartyl protease AED3,1,87543949,87546667
XP_004230208.1,LOC101244907,desiccation-related protein PCC13-62-like,1,89463722,89465286
XP_010315468.2,LOC101268813,desiccation-related protein PCC13-62-like,1,89773068,89774566
XP_004230299.1,LOC101246093,calreticulin,1,90428078,90431318
XP_004230327.1,LOC101255245,uncharacterized protein LOC101255245,1,90717178,90717672
XP_004230336.1,LOC101257899,GDSL esterase/lipase At1g09390,1,90827566,90830451
XP_004230369.1,LOC101267652,probable serine/threonine-protein kinase kinX isoform X1,1,91128896,91131965
XP_004230370.1,LOC101267940,probable carbohydrate esterase At4g34215,1,91144186,91145419
XP_004230406.1,LOC101254039,methionine S-methyltransferase,1,91592237,91599324
XP_004230445.1,LOC101265681,stromal 70 kDa heat shock-related protein%2C chloroplastic,1,92060814,92064822
XP_004230536.1,LOC101267273,heat shock 70 kDa protein%2C mitochondrial,1,94157619,94161095
XP_004230656.1,LOC101253833,soluble inorganic pyrophosphatase 6%2C chloroplastic,1,94327804,94331172
XP_004230700.1,LOC101266168,vacuolar-sorting receptor 3,1,94746443,94752029
XP_004230758.1,LOC101258105,polyadenylate-binding protein 8-like,1,95261028,95267152
XP_004230810.1,LOC101248522,probable carboxylesterase 13,1,95823065,95823979
XP_010315269.1,LOC101250549,presequence protease 1%2C chloroplastic/mitochondrial-like,1,95852810,95865422
XP_004230829.1,LOC101254137,protein DMR6-LIKE OXYGENASE 2,1,96025991,96027320
XP_004230896.1,LOC101249215,diaminopimelate decarboxylase 1%2C chloroplastic,1,96688422,96693848
XP_004230928.1,LOC101258107,cysteine protease RD19A,1,96889577,96891576
XP_004231047.1,LOC100191110,glycerate dehydrogenase,1,97848576,97851864
XP_004231087.1,LOC101253732,lysM domain-containing GPI-anchored protein 2,1,98190760,98192060
XP_004231481.1,LOC101259493,photosystem II stability/assembly factor HCF136%2C chloroplastic isoform X1,2,15317701,15330136
XP_004231557.1,LOC101264571,reticuline oxidase-like protein,2,24208546,24210171
XP_004231567.1,LOC101268044,ferredoxin--NADP reductase%2C root-type isozyme%2C chloroplastic,2,24860881,24866137
XP_004231903.1,LOC101255349,subtilisin-like protease SBT1.7,2,53678706,53680970
XP_004231912.1,LOC101258424,uncharacterized protein LOC101258424 isoform X1,2,53595568,53599805
XP_004231980.1,LOC101254150,probable cytosolic oligopeptidase A,2,52835520,52843604
XP_010316057.1,LOC101254439,serine hydroxymethyltransferase%2C mitochondrial,2,52822446,52828365
XP_004232007.1,LOC101261866,ATP-dependent Clp protease proteolytic subunit 3%2C chloroplastic,2,52622336,52626578
XP_004232273.1,LOC101244246,peroxidase 63,2,49665501,49666487
XP_004232290.1,LOC101249229,peptidyl-prolyl cis-trans isomerase CYP38%2C chloroplastic,2,49500544,49503989
XP_004232313.1,LOC101255848,isocitrate dehydrogenase [NADP],2,49269172,49274217
XP_010316304.1,LOC101259599,titin isoform X5,2,49124795,49141941
XP_004232421.1,LOC101263563,putative glucose-6-phosphate 1-epimerase,2,48091801,48095768
XP_004232495.1,LOC101261284,ferredoxin--NADP reductase%2C leaf-type isozyme%2C chloroplastic,2,47069127,47071886
XP_004232618.1,LOC101250358,vacuolar-sorting receptor 6-like,2,45719168,45722846
XP_004232663.1,LOC101263864,protein DJ-1 homolog D,2,45385050,45389066
XP_010316580.1,LOC101249137,aminomethyltransferase%2C mitochondrial,2,44938069,44940478
XP_004232805.1,LOC101255357,eukaryotic translation initiation factor 3 subunit J-like,2,43686151,43690991
XP_004232846.1,LOC101266991,clathrin light chain 1,2,43203076,43206593
XP_004232960.1,LOC101248835,protein trichome birefringence-like 38,2,42135488,42139372
XP_004232985.1,LOC101256345,uncharacterized protein LOC101256345,2,40795398,40797269
XP_004233105.1,LOC101267959,3-oxoacyl-[acyl-carrier-protein] synthase I%2C chloroplastic,2,40396561,40400242
XP_004233445.1,LOC101268253,uncharacterized protein At4g06744-like,2,36046537,36047931
XP_004234053.1,LOC101266391,3-isopropylmalate dehydratase large subunit%2C chloroplastic,3,509518,517465
XP_004234068.1,LOC101245129,GDSL esterase/lipase At5g45670-like,3,609538,612677
XP_010317430.1,LOC101251446,neutral ceramidase,3,791916,798132
XP_004234094.2,LOC101253159,protein trichome birefringence-like 38,3,849929,853764
XP_004234144.1,LOC101267287,phosphoglucomutase%2C chloroplastic,3,1383135,1390289
XP_004234379.1,LOC101246317,membrane steroid-binding protein 2-like,3,3384306,3386661
XP_004234401.1,LOC101253061,pectin acetylesterase 9,3,2996134,3004213
XP_004234656.1,LOC101245035,subtilisin-like protease SBT1.7,3,8226318,8228800
XP_004234830.1,LOC101246028,ferredoxin-dependent glutamate synthase%2C chloroplastic,3,34911333,34951440
XP_004234848.1,LOC101252851,alpha-1%2C4 glucan phosphorylase L-1 isozyme%2C chloroplastic/amyloplastic,3,41423148,41431434
XP_004234985.1,LOC101263797,luminal-binding protein 5,3,52795178,52798790
XP_004235206.1,LOC101248277,superoxide dismutase [Fe]%2C chloroplastic,3,56148963,56151546
XP_004235270.1,LOC101244561,alanine--tRNA ligase,3,59613044,59626992
XP_004235412.1,LOC101262296,miraculin-like,3,61007420,61008160
XP_004235413.1,LOC101262903,aspartic protease inhibitor 1-like,3,61061419,61062084
XP_004235655.1,LOC101259035,ruBisCO large subunit-binding protein subunit beta%2C chloroplastic-like,3,69097810,69101956
XP_004235675.1,LOC101264910,30S ribosomal protein S17%2C chloroplastic,3,68975534,68975995
XP_004236090.1,LOC101266500,protein STRICTOSIDINE SYNTHASE-LIKE 11-like,3,64502882,64504097
XP_004236294.1,LOC101251765,protein SIEVE ELEMENT OCCLUSION B-like,3,62436855,62439569
XP_004236341.1,LOC101265910,probable aspartyl aminopeptidase,3,61828207,61834355
XP_004236746.1,LOC101260332,triosephosphate isomerase%2C cytosolic,4,3944537,3948815
XP_004236811.1,LOC101254891,alpha-glucosidase,4,3007733,3012631
XP_004236880.1,LOC101249542,alpha-galactosidase 1,4,2393888,2397777
XP_004237017.1,LOC101264616,kirola-like,4,456153,456985
XP_004237021.1,LOC101266019,kirola-like,4,1474886,1476474
XP_004237022.1,LOC101266326,kirola-like,4,737475,738210
XP_004237027.1,LOC101267512,kirola-like,4,1509732,1510483
XP_010319490.1,LOC101256373,6-phosphogluconate dehydrogenase%2C decarboxylating 3-like,4,106694,108151
XP_004237126.1,LOC101257951,cysteine proteinase inhibitor 5-like,4,5030604,5031014
XP_004237403.1,LOC101262805,PLAT domain-containing protein 3-like,4,53517257,53517895
XP_004237482.1,LOC101263403,26S proteasome non-ATPase regulatory subunit 12 homolog A,4,50440332,50448645
XP_010319883.1,LOC101267885,phosphoglucomutase%2C cytoplasmic,4,32494690,32509663
XP_004237726.1,LOC101259835,psbP domain-containing protein 4%2C chloroplastic,4,55821770,55823309
XP_004237747.1,LOC101266329,uncharacterized protein LOC101266329 isoform X1,4,56080491,56086458
XP_004237787.1,LOC101266629,fructose-1%2C6-bisphosphatase%2C cytosolic,4,58267475,58271446
XP_004237833.1,LOC101256086,endochitinase EP3,4,59066610,59068239
XP_004237941.1,LOC101263605,serine--tRNA ligase%2C chloroplastic/mitochondrial isoform X1,4,60553570,60569012
XP_004237942.1,LOC101263901,thylakoid lumenal 29 kDa protein%2C chloroplastic-like,4,60569908,60574650
XP_004237984.1,LOC101251577,aspartyl protease AED3-like,4,61125648,61126955
XP_004238020.1,LOC101261914,probable rhamnogalacturonate lyase B isoform X1,4,61528648,61534592
XP_004238046.1,LOC101244864,tubulin alpha chain,4,61990609,61993089
XP_004244533.1,LOC101254013,tubulin alpha-3 chain,8,1457215,1459862
XP_004232226.1,LOC101255154,tubulin alpha chain-like,2,50152597,50154236
XP_004231960.1,LOC101248155,tubulin alpha-3 chain-like,2,53107775,53109661
XP_004238454.1,LOC101266414,cysteine protease XCP1,4,66298292,66299590
XP_004238937.1,LOC101256971,alpha-xylosidase 1,5,3636307,3643815
XP_004238989.1,LOC101247915,6-phosphogluconate dehydrogenase%2C decarboxylating 3,5,4428229,4429686
XP_004239010.1,LOC101255395,heat shock protein 90-5%2C chloroplastic,5,4883391,4891701
XP_004239069.1,LOC101248295,alpha-1%2C4 glucan phosphorylase L-2 isozyme%2C chloroplastic/amyloplastic,5,5761112,5767029
XP_004239121.1,LOC101265236,glutamate--glyoxylate aminotransferase 2,5,6451782,6457693
XP_004239280.1,LOC101244772,NADH-cytochrome b5 reductase-like protein isoform X3,5,22136351,22152333
XP_010321080.1,LOC101249078,nucleosome assembly protein 1%3B2 isoform X1,5,23875008,23879437
XP_004239829.1,LOC101250018,induced stolen tip protein TUB8-like,5,64067358,64068470
XP_004239849.1,LOC101256090,serine hydroxymethyltransferase 4,5,63847904,63851031
XP_004239903.1,LOC101246429,dihydrolipoyl dehydrogenase 1%2C chloroplastic isoform X1,5,63216969,63224192
XP_004240048.1,LOC101265735,transketolase%2C chloroplastic-like,5,61182447,61186091
XP_004240090.1,LOC101253788,acidic endochitinase,5,60109089,60110617
XP_004240374.1,LOC101257969,protein plastid transcriptionally active 16%2C chloroplastic,6,760044,763609
XP_004240536.1,LOC101256384,glutathione S-transferase,6,2965751,2967206
XP_004240589.1,LOC101248107,elongation factor 1-gamma 2-like,6,6258248,6260788
XP_004250641.1,LOC101249702,elongation factor 1-gamma 2 isoform X1,11,20161787,20164605
XP_004240704.2,LOC100147717,periaxin,6,27139480,27140016
XP_004241187.1,LOC101263035,peroxidase 47,6,47592275,47593472
XP_004241292.1,LOC101267900,serine carboxypeptidase-like,6,46383633,46386741
XP_004241409.1,LOC101252192,LL-diaminopimelate aminotransferase%2C chloroplastic,6,45150146,45154865
XP_004241412.1,LOC101253094,chloroplast stem-loop binding protein of 41 kDa b%2C chloroplastic,6,45140466,45143896
XP_019069989.1,LOC101266731,pyruvate dehydrogenase E1 component subunit beta-1%2C mitochondrial,6,44761127,44767937
XP_004241479.1,LOC101248491,miraculin-like,6,44509088,44509690
XP_004241515.1,LOC101259256,elongation factor TuB%2C chloroplastic-like,6,44211971,44213527
XP_004242423.1,LOC101253200,peptidyl-prolyl cis-trans isomerase FKBP62-like,6,48715151,48718679
XP_004242523.1,LOC101257782,probable pyridoxal 5'-phosphate synthase subunit PDX1,6,47949265,47950194
XP_004242561.1,LOC101257483,acidic mammalian chitinase-like,7,113980,115317
XP_004242732.1,LOC101258669,heparanase-like protein 3,7,2221553,2226262
XP_004242742.1,LOC101261339,bifunctional purple acid phosphatase 26,7,2316755,2323513
XP_004242777.1,LOC101247233,methyl-CpG-binding domain-containing protein 11-like,7,2882987,2893493
XP_004242814.1,LOC101258971,kirola-like,7,3684215,3684811
XP_004242820.1,LOC101260655,10 kDa chaperonin%2C mitochondrial-like,7,3769667,3771136
XP_004242884.1,LOC101254913,uncharacterized protein LOC101254913 isoform X1,7,6250371,6261621
XP_004242929.1,LOC101245558,uncharacterized protein LOC101245558,7,10406989,10413177
XP_004243227.1,LOC101254504,translation initiation factor IF-2%2C chloroplastic,7,63916352,63924258
XP_004243288.1,LOC101248407,phosphoenolpyruvate carboxylase-like,7,63187524,63194229
XP_004243472.1,LOC101254008,aconitate hydratase%2C cytoplasmic,7,60857278,60865159
XP_004243619.1,LOC101248497,2%2C3-bisphosphoglycerate-independent phosphoglycerate mutase,7,57893929,57899071
XP_004243636.1,LOC101254109,beta-D-glucosyl crocetin beta-1%2C6-glucosyltransferase-like,7,57337700,57339025
XP_004243766.1,LOC101247040,ectonucleotide pyrophosphatase/phosphodiesterase family member 3-like,7,44338146,44339606
XP_004243968.1,LOC101253805,phosphoglycerate kinase%2C chloroplastic,7,67986493,67988468
XP_004243981.1,LOC101257684,porphobilinogen deaminase%2C chloroplastic,7,67889433,67892351
XP_004244276.2,LOC101243909,epidermis-specific secreted glycoprotein EP1-like,7,65201305,65202231
XP_004244275.2,LOC101268888,epidermis-specific secreted glycoprotein EP1-like,7,65208349,65209275
XP_004244290.1,LOC101247939,protein trichome birefringence-like 41,7,65008011,65011269
XP_004244317.1,LOC101255514,heme-binding protein 2-like,7,64744037,64744801
XP_004244443.1,LOC101251798,pectin acetylesterase 8,8,624479,628594
XP_004246081.1,LOC101249290,40S ribosomal protein S6,8,58356360,58359074
XP_004244462.1,LOC101257286,40S ribosomal protein S6,8,799165,801335
XP_004244516.1,LOC101248896,probable phospholipid hydroperoxide glutathione peroxidase,8,1275217,1279306
XP_004244588.1,LOC101245383,subtilisin-like protease SBT1.7,8,2169906,2172140
XP_004244764.1,LOC101254617,cysteine synthase%2C chloroplastic/chromoplastic isoform X1,8,4164074,4171107
XP_004245101.1,LOC101260070,glycine dehydrogenase (decarboxylating)%2C mitochondrial,8,53084381,53090984
XP_004245197.1,LOC101264237,aspartyl protease family protein At5g10770-like,8,56011766,56015269
XP_010325190.1,LOC101246744,delta-aminolevulinic acid dehydratase%2C chloroplastic,8,58113633,58123298
XP_004245522.1,LOC101258581,probable polygalacturonase isoform X4,8,65030880,65036293
XP_004245659.1,LOC101248806,protein HOTHEAD,8,63512403,63516875
XP_010325464.1,LOC101268416,FAM10 family protein At4g22670 isoform X2,8,62866853,62871788
XP_004245731.1,LOC101245387,hsp70-Hsp90 organizing protein 2,8,62805343,62810079
XP_004245732.1,LOC101245683,elongation factor G%2C chloroplastic,8,62811010,62816519
XP_004245738.1,LOC101247352,monocopper oxidase-like protein SKU5,8,62735946,62739446
XP_004245935.1,LOC101255322,phosphoribulokinase%2C chloroplastic,8,60239911,60244549
XP_004246014.1,LOC101253517,nudix hydrolase 3,8,59521308,59541929
XP_004246365.1,LOC101260852,fructose-1%2C6-bisphosphatase%2C chloroplastic,9,5090118,5092456
XP_004246402.1,LOC101247151,heat shock cognate 70 kDa protein 2-like,9,3965355,3968491
XP_004246424.1,LOC101253410,uncharacterized protein At5g02240,9,4264370,4269340
XP_004246561.1,LOC101268420,1%2C4-alpha-glucan-branching enzyme 2-2%2C chloroplastic/amyloplastic isoform X1,9,2539989,2557739
XP_004246671.1,LOC101250918,valine--tRNA ligase%2C mitochondrial 1,9,1126820,1139595
XP_004246723.1,LOC101265854,pathogenesis-related leaf protein 4-like,9,685099,685578
XP_004246728.1,LOC101267260,fatty acyl-CoA reductase 2-like isoform X1,9,650948,654770
XP_004246972.1,LOC101244113,alpha-glucan phosphorylase%2C H isozyme,9,26652866,26667443
XP_004247043.1,LOC101264059,40S ribosomal protein S8,9,50078562,50080942
XP_004247045.1,LOC101264667,peptidyl-prolyl cis-trans isomerase FKBP15-1,9,50129435,50133492
XP_004247056.1,LOC101244316,anthocyanidin 3-O-glucosyltransferase-like,9,53574694,53576103
XP_004247116.1,LOC101266666,photosystem I reaction center subunit IV B%2C chloroplastic,9,61189737,61190608
XP_004247506.1,LOC101248236,peroxidase 44-like,9,65312418,65314073
XP_004247512.1,LOC101249763,berberine bridge enzyme-like 4,9,65272086,65274229
XP_004247734.1,LOC101253131,malate dehydrogenase,9,69683720,69686708
XP_004247759.1,LOC101260765,heterogeneous nuclear ribonucleoprotein 1,9,70023034,70025765
XP_004247978.1,LOC101254426,chitinase-like protein 1,9,72338861,72339972
XP_004252963.1,LOC101252859,chitinase-like protein 1,12,66187159,66189951
XP_004248070.1,LOC101260274,protein CURVATURE THYLAKOID 1A%2C chloroplastic-like,10,4007778,4016408
XP_004248260.1,LOC101266369,probable bifunctional methylthioribulose-1-phosphate dehydratase/enolase-phosphatase E1 1,10,1436175,1440864
XP_004248366.1,LOC101247072,ubiquitin-NEDD8-like protein RUB2,10,462021,465925
XP_004244655.1,LOC101265661,ubiquitin-60S ribosomal protein L40,8,2962222,2966643
XP_004235004.1,LOC101244464,ubiquitin-60S ribosomal protein L40,3,52498710,52500205
XP_004230014.1,LOC101262050,ubiquitin-60S ribosomal protein L40,1,87380201,87381900
NP_001317704.1,LOC101264240,ubiquitin-ribosomal fusion protein,8,65675192,65676314
XP_004252950.1,LOC101248858,ubiquitin-40S ribosomal protein S27a-like,12,66337976,66338446
XP_004252948.1,LOC101248559,ubiquitin-40S ribosomal protein S27a-like,12,66286897,66287367
NP_001333335.1,ubi3;inference=similar to AA sequence (same species):RefSeq:NP_001333335.1,ubiquitin-40S ribosomal protein S27a,1,57604108,57604578
XP_004248312.1,LOC101256039,polyubiquitin,10,1071346,1072719
NP_001332808.1,ubq1-1,ubiquitin,11,496333,497937
XP_004248412.1,LOC101260673,coproporphyrinogen-III oxidase 1%2C chloroplastic,10,96468,103552
XP_004248530.1,LOC101257906,pectin acetylesterase 3-like isoform X2,10,19761777,19766348
XP_004248560.1,LOC101245299,transketolase%2C chloroplastic,10,7364074,7367105
XP_004249056.1,LOC101268440,peroxidase 70-like,10,59059828,59060961
XP_004249350.1,LOC101256931,uncharacterized protein LOC101256931,10,62343335,62352612
XP_004250073.1,LOC101249417,phosphoglycolate phosphatase 1B%2C chloroplastic,11,2807207,2813709
XP_004250093.1,LOC101255258,methylenetetrahydrofolate reductase 2,11,3044787,3049095
XP_004250108.1,LOC101260194,peroxidase 17,11,3243625,3246066
XP_004250138.1,LOC101268824,uncharacterized protein LOC101268824,11,3542067,3547598
XP_004250240.1,LOC101248935,UTP--glucose-1-phosphate uridylyltransferase isoform X1,11,4912805,4919067
XP_004250388.2,LOC101268055,beta-galactosidase 16-like isoform X1,11,8620669,8629947
XP_004250650.1,LOC101253345,GDSL esterase/lipase At1g33811,11,24137606,24140118
XP_004250845.1,LOC101255264,patellin-3-like,11,17716423,17718460
XP_004250958.1,LOC101254866,heat shock cognate 70 kDa protein 2-like,11,51740558,51743097
XP_004250970.1,LOC101258820,serine carboxypeptidase-like,11,51962407,51966362
XP_004251022.1,LOC101249327,stress-response A/B barrel domain-containing protein At5g22580,11,52739208,52740377
XP_010313364.1,LOC101259118,ferredoxin%2C root R-B1,11,53154552,53155004
XP_004251113.1,LOC101251952,proteasome subunit beta type-4,11,53750995,53754833
XP_004251160.1,LOC101266598,ruBisCO large subunit-binding protein subunit alpha,11,54418951,54423859
XP_004251507.1,LOC101245329,cysteine-rich repeat secretory protein 38,12,382632,383354
XP_004251623.1,LOC101255271,probable lactoylglutathione lyase%2C chloroplastic,12,1701339,1705392
XP_004251703.1,LOC101253560,20 kDa chaperonin%2C chloroplastic,12,2529712,2532163
XP_004251714.1,LOC101256654,pyruvate dehydrogenase E1 component subunit alpha-3%2C chloroplastic-like,12,2687666,2690826
XP_004251713.1,LOC101256355,pyruvate dehydrogenase E1 component subunit alpha-3%2C chloroplastic,12,2682210,2685916
XP_004251723.1,LOC101259218,methyl-CpG-binding domain-containing protein 11-like,12,2852172,2859869
XP_004251856.1,LOC101249435,uncharacterized protein LOC101249435,12,4597746,4599971
XP_010313917.1,LOC101260311,phosphoenolpyruvate carboxylase,12,5069479,5074778
XP_004251965.1,LOC101257443,GDSL esterase/lipase At5g03980-like,12,6720509,6721618
XP_004252539.2,LOC101250382,probable glucan 1%2C3-beta-glucosidase A,12,63038887,63044550
XP_004252579.1,LOC101262700,fructose-1%2C6-bisphosphatase%2C cytosolic,12,62481346,62484886
XP_004252598.1,LOC101267973,secoisolariciresinol dehydrogenase-like,12,62585137,62586062
XP_004252758.1,LOC101261596,polyadenylate-binding protein 2-like,12,63977073,63980926
XP_019067245.1,LOC101263003,subtilisin-like protease SBT1.9 isoform X2,12,64014439,64018358
XP_004252848.1,LOC101244563,uncharacterized protein LOC101244563,12,66967453,66972542
XP_004253096.1,LOC101267010,far upstream element-binding protein 2,12,65059374,65064943
XP_004253113.1,LOC101246811,pyrophosphate--fructose 6-phosphate 1-phosphotransferase subunit alpha-like,12,64890894,64897525
XP_004253122.1,LOC101249445,glyceraldehyde-3-phosphate dehydrogenase B%2C chloroplastic-like,12,64811931,64814993
XP_004253373.2,LOC101260416;partial=true,plasminogen activator inhibitor 1 RNA-binding protein-like,NW_004194752.1,1699,4114
XP_010319391.1,LOC104646731;inference=similar to RNA sequence%2C mRNA (same species):INSD:AK322851.1;partial=true,kirola-like,4,1489336,1489601
XP_004253534.2,LOC101260809;inference=similar to RNA sequence%2C mRNA (same species):INSD:AK322851.1;partial=true,kirola-like,NW_004197488.1,160,1909
XP_010312248.1,LOC104644379,peroxiredoxin-2E-2%2C chloroplastic,10,63438582,63439268
XP_010312333.1,LOC101260288,caffeic acid 3-O-methyltransferase 1,10,64899145,64901524
XP_010312360.2,LOC101249777,ribulose bisphosphate carboxylase/oxygenase activase%2C chloroplastic,10,65364121,65366429
XP_010314854.1,LOC101264107,glycine-rich cell wall structural protein,12,65835008,65835721
XP_010316615.1,LOC101260787,pectinesterase-like,2,44496940,44498711
XP_010316852.1,LOC104645868,uncharacterized protein LOC104645868,2,41339806,41341601
XP_010317149.1,LOC101257731,STS14 protein,2,36620948,36621490
XP_010317463.1,LOC101254568;inference=similar to RNA sequence%2C mRNA (same species):INSD:AK324833.1;partial=true,alpha-L-fucosidase 1,3,1541332,1544646
XP_010318451.1,LOC101246035,alanine aminotransferase 2,3,70411899,70418072
XP_010318492.1,LOC101260521,threonine synthase%2C chloroplastic,3,69926501,69928060
XP_010320328.1,LOC101260044,subtilisin-like protease SBT1.9,4,63407312,63409691
XP_010320907.1,LOC104647325,cytosolic sulfotransferase 5-like,5,6060398,6061572
XP_010321332.1,LOC101259936,LOW QUALITY PROTEIN: uncharacterized protein LOC101259936,5,65302685,65307079
XP_010321455.1,LOC101266223,probable chalcone--flavonone isomerase 3,5,62512019,62514451
XP_010321810.1,LOC101260173;partial=true,bifunctional epoxide hydrolase 2-like,1,74424985,74425672
XP_010321856.1,LOC101260941,pectinesterase,6,3130142,3135581
XP_010321871.1,LOC101267611,calvin cycle protein CP12-1%2C chloroplastic,6,3584164,3584547
XP_010322736.1,LOC101268288,cytochrome b561%2C DM13 and DOMON domain-containing protein At5g54830,6,41161592,41164297
XP_010322752.1,LOC101261451,endo-1%2C3%3B1%2C4-beta-D-glucanase-like,1,79433365,79435116
XP_010322825.1,LOC101264734,subtilisin-like protease SBT1.4,6,39729848,39732178
XP_010325062.1,LOC101245783,probable polyribonucleotide nucleotidyltransferase 1%2C chloroplastic,8,54553899,54556619
XP_010325395.1,LOC101253814,puromycin-sensitive aminopeptidase isoform X1,8,64303583,64310855
XP_010327703.1,LOC101261972,mannan endo-1%2C4-beta-mannosidase 6 isoform X2,10,58633206,58636556
XP_019067476.1,LOC101257218,putative amidase C869.01,1,97545245,97547886
XP_019068147.1,LOC101244555,tripeptidyl-peptidase 2,3,3007979,3035421
XP_019068555.1,LOC109119847,proteinase inhibitor type-2-like,3,61189091,61189820
XP_019068554.1,LOC109119846,proteinase inhibitor type-2-like,3,61180931,61181662
XP_019069196.1,LOC101248195,probable rhamnogalacturonate lyase B,4,61539044,61543339
XP_019069668.1,LOC101246717;inference=similar to RNA sequence%2C mRNA (same species):INSD:AK322830.1;partial=true,ultraviolet-B receptor UVR8,5,22619704,22640578
XP_019070934.1,LOC778308,subtilisin-like protease SBT1.7,8,63327717,63329963
YP_008563096.1,rbcL,ribulose-1%2C5-bisphosphate carboxylase/oxygenase large subunit,NC_007898.3,56683,58116
YP_008563114.1,psbB,photosystem II CP47 chlorophyll apoprotein,NC_007898.3,74338,75864
NP_001234083.1,PR-P2,pathogenesis-related protein P2 precursor,1,88162418,88162959
NP_001234314.1,PR1b1,pathogenesis-related leaf protein 6 precursor,NW_004196001.1,1858,2337
NP_001234523.1,P4,pathogenesis-related leaf protein 4 precursor,9,687752,688231
NP_001307969.1,PR1a2,pathogenesis-related protein precursor,9,691211,691693
NP_001308323.1,LOC100301935,glutathione reductase,9,71042179,71050726
XP_004228512.1,LOC101263050,glucan endo-1%2C3-beta-glucosidase-like,1,2694719,2696371
XP_010315362.1,LOC101254950,proline-rich protein 4-like isoform X2,1,97520407,97521911
XP_004231851.1,LOC101263954,PI-PLC X domain-containing protein At5g67130,2,54216265,54219129
XP_004234657.2,LOC101245333,probable receptor-like protein kinase At5g24010,3,8283415,8285868
XP_004247036.1,LOC101262042,auxin-induced in root cultures protein 12,9,48926685,48927401
XP_004250254.1,LOC101252946,60S ribosomal protein L6-like,11,5037370,5038787
XP_004250402.1,LOC101246783,lignin-forming anionic peroxidase,11,9597159,9598445
XP_004252933.1,LOC101244564,serine carboxypeptidase-like 33 isoform X1,12,66411072,66415476
YP_008563087.1,psaB,photosystem I P700 apoprotein A2,NC_007898.3,38089,40293
